{
    "avgLostPackets": 4.3,
    "avgLossPercent": 3.359375,
    "avgSendRate": 1.0449052882884065,
    "avgReceiveRate": 1.0094544735980162
}