{
    "avgLostPackets": 0.05,
    "avgLossPercent": 0.009765625,
    "avgSendRate": 5.280991656382675,
    "avgReceiveRate": 5.280553988357132
}