{
    "avgLostPackets": 0.15,
    "avgLossPercent": 0.05859375,
    "avgSendRate": 1.0654519556046993,
    "avgReceiveRate": 1.0648384454921107
}