{
    "avgLostPackets": 0.0,
    "avgLossPercent": 0.0,
    "avgSendRate": 34.08654720487494,
    "avgReceiveRate": 34.08654720487494
}