{
    "avgLostPackets": 1.15,
    "avgLossPercent": 0.224609375,
    "avgSendRate": 1.517459541138312,
    "avgReceiveRate": 1.514093457683805
}