{
    "avgLostPackets": 0.1,
    "avgLossPercent": 0.078125,
    "avgSendRate": 1.9736074999018691,
    "avgReceiveRate": 1.972205535634005
}