{
    "avgLostPackets": 2.0,
    "avgLossPercent": 0.78125,
    "avgSendRate": 1.2327216914421242,
    "avgReceiveRate": 1.2230692275897752
}