{
    "avgLostPackets": 0.05,
    "avgLossPercent": 0.01953125,
    "avgSendRate": 2.8024520321323894,
    "avgReceiveRate": 2.8019587225669085
}